id,facebook_id,page_name,page_type
173,134470763282957,European Union in Israel,government
285,197360157500,Canada Explorez sans fin,company
287,105532425026,Milk,company
464,112567882220866,CARD.com,company
522,479130188842492,União Europeia na Guiné-Bissau,government
622,175739635505,Maryland Department of Public Safety and Correctional Services,government
657,151608581556109,Gold Rush,tvshow
701,20531316728,Facebook,company
710,478590035626002,European Union in Mauritius,government
720,216347025147950,Mechthild Heil,politician
831,147409458760059,Gisela Manderla,politician
849,117745288271605,Portugal Telecom,company
933,181604281876939,Howard County Police Department,government
999,147693765304239,"India in Germany (Embassy of India, Berlin)",government
1078,583097918426250,European Union in New Zealand,government
1107,94028696795,Maryland's Commitment to Veterans,government
1161,380795245366639,Maryland Horse Industry Board,government
1605,127294640785,Court-circuit,tvshow
1895,131647483549171,Howard County Government,government
2051,598216760241817,Anton Hofreiter,politician
2156,158553450917579,Discovery's Frozen Planet,tvshow
2242,288685247830495,EU in South Africa,government
2483,180174658686,Cecil County Health Department,government
2572,58771761955,Baltimore Police Department,government
2611,728722630581752,Consulatul General al Romaniei la Cape Town,government
2655,187348297981552,Maryland Department of General Services,government
2710,1407185619590965,Mélanie Joly,politician
2942,80128057786,"Fort George G. Meade, Md",government
3007,787843587973738,Zihni,politician
3051,166189750100717,Les échangistes,tvshow
3182,129440747103349,Maryland State Retirement and Pension System,government
3246,192941487432989,Bundesministerium für wirtschaftliche Zusammenarbeit und Entwicklung (BMZ),government
3451,202866606417783,Ministère de la Culture,government
3469,130524243634087,EU Science & Innovation,government
3505,348936875164129,Téléfilm Canada,government
3521,151028621584425,Maryland State Police,government
3552,105099412908163,Nitro Boats,company
3624,207423949711700,Kathalijne Buitenweg,politician
3669,190202804493390,EU Delegation to Zimbabwe,government
3833,652126884801498,Roderich Kiesewetter,politician
3866,132550240119865,Comptroller of Maryland,government
4204,255840324431929,European Union in the Republic of Moldova,government
4225,128463482993,US National Archives,government
4356,5902578166,POV,tvshow
4390,696134357234281,Axel Müller,politician
4403,1195412563899012,Tom van der Lee,politician
4453,190063684367149,StopBullying.Gov,government
4456,131370913575731,Chesapeake Bay National Estuarine Research Reserve-MD,government
4464,105423909499726,Maryland Department of Disabilities,government
4707,164201969180,Maryland State Jobs,government
4716,109040379115056,New Day NW,tvshow
4721,248281845216826,Bell Canada (Français),company
4754,308686435858053,Hawaii Department of Public Safety (PSD),government
4786,138925324029,The United States Department of Justice,government
4938,123470887663777,NFSA,government
4966,515908098472177,Nadine Schön,politician
5029,274600445950392,Unión Europea en Perú,government
5070,44573932098,Streamy Awards,tvshow
5096,230987545238,Senator Thomas V. Mike Miller Jr.,politician
5124,226487804050179,"New Zealand High Commission - Pretoria, South Africa",government
5377,123608251805,Marcus Weinberg,politician
5439,93711056469,Kai Gehring,politician
5509,741275155906327,Mary Ann Lisanti,politician
5546,349452295159676,"Peter Stein, Bundestagsabgeordneter",politician
5653,432933006819508,Norbert Barthle,politician
5694,7753384227,GEICO,company
5700,314677355299127,Annette Widmann-Mauz,politician
5862,1627976910848818,Astrid Rössler,politician
6213,31732483895,The Tonight Show Starring Jimmy Fallon,tvshow
6224,330411347064461,Andreas Lämmel,politician
6228,402764669863765,Klaus Brähmig,politician
6231,378099452299102,Ambassade du Canada auprès de la République Hellénique,government
6277,598661630150635,Matern von Marschall,politician
6294,243785542420492,Office for Victims of Crime,government
6565,133066930080591,Infoman,tvshow
6732,296961396023,Dell,company
6749,491572037569892,Andreas Jung,politician
6802,346415062142445,Union européenne en Côte d'Ivoire,government
6906,1698700087037237,Alexander Throm,politician
6943,104373812940715,SFR,company
7000,175508505841740,Major League Fishing,tvshow
7166,294494163510,Europäisches Parlament - Informationsbüro für Deutschland,government
7243,190674941006654,"Division of Solid Waste Services - Montgomery County, Maryland",government
7362,75042608259,France Diplomatie,government
7364,1413787092210831,Union Européenne à Djibouti,government
7590,8601818951,NFB,government
7663,237282353035609,Auswärtiges Amt,government
7802,239234639550868,Dr. Karl A. Lamers,politician
7966,82091527517,U.S. Army Partnership for Youth Success (PaYS) Program,government
8120,298903703477524,União Europeia no Brasil,government
8166,131236847050138,Maryland Conservation History,government
8242,182842831756930,Patrimoine canadien,government
8348,101773823336428,Rüdiger Kruse,politician
8508,179661455396943,European Union in Cambodia,government
8606,108879087298,U.S. Department of Agriculture,government
8621,173345296049629,Hélène Laverdière NPD Laurier/Ste-Marie,politician
8720,323245001172018,Bundesministerium für Gesundheit,government
8773,191494104245435,Delegation of the European Union to Japan,government
8817,382072908637491,Guido Wolf,politician
8831,116571361731931,Agence spatiale canadienne,government
8932,285619881535094,European Union in Canada,government
8980,109103609112324,Bass 2 Billfish with Peter Miller,tvshow
9069,36238026758,Deadliest Catch,tvshow
9176,146955527905,European Commission - Civil Protection & Humanitarian Aid Operations - ECHO,government
9309,80018237219,Red Lobster,company
9469,104757366254770,Michigan Department of Corrections,government
9499,31234419961,Dirty Jobs with Mike Rowe,tvshow
9529,847387425402196,Steffen Bilger,politician
9563,84588674291,"Dorothee Bär, MdB",politician
9572,178397775621595,European Union in Uganda,government
9674,102065566609156,Lorraine Richard,politician
9764,313433438777354,Michael Donth MdB,politician
9844,54076338394,Anne Arundel County Police Department,government
10004,121349471236743,SFR Business,company
10079,194928773884050,"Maryland Department of Labor, Licensing & Regulation",government
10094,61457331088,Dr. Helge Braun,politician
10110,287425150452,Volunteer Maryland,government
10117,125061526477,Hans-Joachim Fuchtel,politician
10190,140091366077586,"Christian Goiny, MdA",politician
10240,229865993696537,Oregon Department of Agriculture,government
10241,218434258171162,EU Law and Publications,government
10294,226402156107,AMBER Alert,government
10534,108894722462749,Smithsonian Environmental Research Center,government
10694,148862922200169,Australian High Commission in South Africa,government
10743,184483741596409,הוט תקשורת  HOT,company
10783,147547541961576,Council of the European Union,government
10820,380889561922508,Point de Contact,company
10984,178654278876561,Maryland Department of Commerce,government
11005,389842957729240,Unión Europea en Republica Dominicana,government
11066,100416753335939,Maryland Department of Planning,government
11149,154308617994137,Peter Tauber,politician
11178,490057484500952,Dr. Nicole Hoffmeister-Kraut,politician
11373,217519358313001,Wiko,company
11378,1024827034206773,Manuel Hagel,politician
11439,237835276288758,Maryland Governor's Office on Service & Volunteerism,government
11487,55574168445,Axel  Fischer,politician
11631,148546185168166,Maryland Center for Missing and Unidentified Persons (MCMUP),government
11710,64045221376,Stefan Kaufmann,politician
11721,200969413280005,Shell,company
11797,110316412372719,Maryland.Gov,government
11851,82184406949,CBC Docs,tvshow
12031,119123001761,Salut Bonjour,tvshow
12032,262986640427464,Thomas Strobl,politician
12286,84534791408,Hermann Gröhe,politician
12308,52418678069,Rainer Wieland,politician
12450,517902401572546,European Union in Egypt,government
12516,115676515176276,Arrondissement de Rosemont - La Petite-Patrie,government
12534,134615279898518,Parcs Canada,government
12558,391183280893261,Telefilm Canada,government
12666,533738056683747,Maryland Office of Preparedness and Response,government
12851,150756028355352,Union européenne au Maroc,government
12958,529778320512112,Linda Voortman,politician
13128,140325787269,Bass Pro Shops,company
13247,134970496554973,Columbia Sportswear,company
13267,340325262661652,David McAllister,politician
13272,359203510312,Maryland State Parks,government
13294,107898832590939,European Commission,government
13527,600440106752818,Kordula Kovac,politician
13691,389868724395273,Optimum,company
13758,117378621611470,Technisches Hilfswerk (THW),government
13769,101541096562158,Martine Ouellet,politician
14027,128160970612965,Kingdom of the Netherlands in South Africa,government
14094,191809807557084,German Embassy Pretoria,government
14168,166021496808171,Annegret Kramp-Karrenbauer,politician
14413,640875249313244,Sylvia Pantel,politician
14439,126879227356714,European Union in Ukraine,government
14440,175778159240756,Thorsten Frei,politician
14451,294832427306989,European Union in Hong Kong and Macao,government
14469,159316114122379,Maryland Department of Veterans Affairs,government
14487,240518482732724,Maryland Department of Juvenile Services,government
14551,155538244478837,Bruce Mitchell,tvshow
14650,456082177763485,Manfred Weber,politician
14785,459974514027058,CinéTFO,tvshow
14795,551246314973765,Prof. Dr. Wolfgang Reinhart,politician
15192,305624052903563,Ole Schröder,politician
15249,276450589060929,Maryland Department of Natural Resources Fisheries,government
15301,117796818235335,Maryland Governor's Office of the Deaf and Hard of Hearing,government
15309,150073561755617,Eyes on the Bay,government
15763,574756879250721,Union européenne au Cameroun,government
15871,324914367631613,Maryland Environmental Service,government
15934,368653376538914,GouvCan - Autochtones,government
15980,604810606196550,Maryland Health Connection,government
16131,171993416186074,Maryland Department of Natural Resources,government
16308,152284468263590,Thomas Bareiß,politician
16595,565107070189081,Hermann Färber,politician
16597,30900854703,Survivorman featuring Les Stroud,tvshow
16613,241506685908236,PT Empresas,company
16618,46370758585,Food and Agriculture Organization of the United Nations (FAO),government
16663,10150155272765160,ARTE Philosophie,tvshow
16728,148133088575385,NBC Sports,tvshow
16743,264705513668546,Maryland Department of Natural Resources- Wildlife & Heritage Service,government
16794,286813464805468,European Union in Iraq بعثة الاتحاد الاوروبي في العراق,government
16866,238070186283,Aberdeen Proving Ground,government
16960,158402677555776,European External Action Service - EEAS,government
17209,7945831694,Ben Cardin,politician
17264,266574218667,Schiffer András,politician
17292,348707685189108,Maryland Insurance Administration,government
17327,234198623438426,Maryland Energy Administration,government
17386,172600716216078,EU Interpreters,government
17455,122289311172568,Unión Europea en El Salvador,government
17522,691761057548436,Substance Use Disorders in Maryland,government
17551,136417356400871,Les enfants de la télé,tvshow
17598,196789723777392,European Union in the Philippines,government
17614,147535998601638,Maryland Internet Crimes Against Children Task Force (ICAC),government
17685,298621020195483,Julia Klöckner,politician
17870,467097719983247,Ingo Wellenreuther,politician
17874,50689002652,Lunkerville,tvshow
17979,199020790140341,Maryland Dept. Of The Environment,government
18155,59788447049,Angela Merkel,politician
18162,21278871488,Mountain Dew,company
18220,383840958337134,Josef Rief,politician
18327,121948104610196,Michael Grosse-Brömer,politician
18425,1569218743292563,Ronja Kemmer,politician
18477,607327249290031,Cemile Giousouf,politician
18505,132843033475,Moche,company
18566,752398074880868,Washington State Department of Corrections,government
18577,443886785651,European Union in Russia,government
18708,91454100943,YETI,company
18714,208761842488796,"EU to Barbados, Eastern Caribbean States, the OECS, Caricom & Cariforum",government
18805,169192563136219,Maryland Emergency Management Agency (MEMA),government
18856,168529159903092,European Union in Lebanon,government
18866,36261648288,Pure Michigan,company
18903,329344740481012,European Union in Malaysia,government
18906,206848514040,U.S. National Weather Service (NWS),government
18934,207603665926494,Maryland Transportation Authority (MDTA),government
19041,17901934974,Anthony G. Brown,politician
19161,839410146073291,Alaskan Bush People,tvshow
19177,318902741555960,Bundesamt für Migration und Flüchtlinge - BAMF,government
19290,438925432967015,Deadliest Catch: Dungeon Cove,tvshow
19404,28684115392,Martin O'Malley,politician
19415,456996121009637,EU Delegation to the Council of Europe,government
19483,356711378954,USAID Bangladesh,government
19529,123317111021370,Anja Weisgerber,politician
19603,687496011309020,Jesse Klaver,politician
19660,335292186484865,Delegation of the European Union in Guyana,government
19704,336600869757204,Manon Massé,politician
19743,1191441824276882,The White House,government
19773,147022215373288,Baltimore City Mayor's Office of Employment Development,government
19776,123332714357231,Europäische Kommission – Vertretung in Deutschland,government
19834,194109891221,South African Government,government
19839,116011088601769,TFO 24.7,tvshow
19846,142108089180868,Charles County Government,government
19949,8098079727,ONF,government
19963,177207108627,Maryland Motor Vehicle Administration,government
20015,199282470085784,Anne Arundel County Department of Health,government
20024,90245883058,The Library of Congress,government
20095,1394809747465555,Margaret Horb MdB,politician
20116,166365600212391,Eberhard Gienger,politician
20146,115903301871096,North Carolina Department of Public Safety,government
20245,414175851964162,European Union in Nigeria,government
20308,1535230416709539,Emmanuel Macron,politician
20342,294079634008089,Delegation of the European Union to Libya بعثة الاتحاد الاوروبي في ليبيا,government
20415,741724592531706,Joachim Herrmann,politician
20441,159580370757975,European Union in Belarus,government
20600,34245372756,Balthasar Glättli,politician
20682,291982054190156,União Europeia em Angola / European Union in Angola,government
20796,468102806695310,Assistance SFR,company
20864,227757017263715,Maryland Department of Aging,government
21120,178362315106,European Parliament,government
21140,107671908760,Baltimore City Mayor's Office of Emergency Management,government
21315,100599516754810,Maryland State Highway Administration,government
21351,542962552402896,Maryland Department of Agriculture,government
21388,296489277060163,Judith Sargentini,politician
21406,220406078043261,Department of Public Enterprises,government
21708,367067283779,U.S. Department of State: Bureau of Intl Narcotics & Law Enforcement (INL),government
21729,63811549237,The Obama White House,government
21764,340835129292987,European Union in Vietnam,government
21803,10419173702,Maxime Bernier,politician
21902,540317069343288,Ambassade du Canada en Indonésie et au Timor-Leste,government
21921,172834814572,Peter Altmaier,politician
22187,183583961775415,Dr. Joachim Pfeiffer,politician
22239,1371337792880062,Waldemar Westermayer,politician
22277,182645321760265,Ville de Montréal,government
22367,232561776787179,Ministria e Integrimit Evropian - Ministry of European Integration,government
22417,22429695864,John Sarbanes,politician
